<?xml version="1.0" encoding="UTF-8"?>
<sql-script>
  <version>1.0.0</version>
  <name>script</name>
  <description></description>
  <tran-sql>
    <![CDATA[
      create table sf_dict (
        id char(32) not null,
        parentid char(32),
        domainid char(32),
        name varchar2(32 char) not null,
        text varchar2(32 char) not null, 
        dictmark number(4) not null,
        description varchar2(256 char),
        oorder number(11) not null,
        primary key(id),
        unique(name),
        unique(oorder)
      );
    ]]>
  </tran-sql>
  <tran-sql>
    <![CDATA[
      create table sf_dict_item (
        id char(32) not null,
        dictid char(32) not null,
        parentid char(32),
        domainid char(32),
        text varchar2(128 char) not null, 
        codeno varchar2(128 char),
        createDate timestamp,
        userid char(32),       
        description varchar2(256 char),
        ext1 varchar2(64 char),
        ext2 number(11) not null,
        ext3 varchar2(64 char),
        ext4 number(20) not null,
        oorder number(11) not null,
        primary key(id),
        unique(dictid, codeno),
        unique(oorder)
      );
    ]]>
  </tran-sql>
  <tran-sql>
    <![CDATA[
      create table sf_dict_item_stat (
        id char(32) not null,
        dictid char(32),
        domainid char(32),
        nums number(11) not null,
        primary key(id)
      );
    ]]>
  </tran-sql>
</sql-script>
